id_gesto,name,emg1,emg2,emg3,emg4,emg5,emg6,emg7,emg8
0,c,1.41421356237,1.41421356237,3.0,9.8488578018,5.47722557505,4.12310562562,2.44948974278,2.64575131106
1,z,2.95679567896,4.00352027509,6.54138126515,6.67561672453,4.4364916731,3.28504225576,2.65831239518,2.02998243672
2,b,2.2360679775,4.79583152331,5.65685424949,15.1986841536,7.61577310586,5.29150262213,4.89897948557,3.87298334621
3,cocacola,1.20710678119,1.86602540378,5.33339193821,10.4378498012,4.10689667089,2.90401448562,2.0,1.41421356237
4,viernes,2.22474487139,4.78388218142,11.9485503249,11.6187700603,5.33833371463,3.99214903695,3.46108803291,3.9822251095
